Frameno_fix,lineno_fix,Tokenname_fix,tokens_id,gaze_X_fix,gaze_Y_fix,timestamp_fix_start,timestamp_fix_end,time_duration
100,0,blank,0,341.857966666667,-14.2875333333333,4468,4662,194
100,0,blank,0,361.84265,-17.0552,4662,4857,195
100,1,*,11,442.862783333333,3.11271666666667,4857,5053,196
100,0,blank,0,371.590616666667,-19.1713833333333,5053,5252,199
100,0,blank,0,443.69575,-29.0660166666667,5252,5451,199
100,0,blank,0,461.584075,-26.9708,5451,5585,134
100,0,blank,0,293.110683333333,-14.17395,5619,5818,199
100,0,blank,0,166.943883333333,-9.31036666666667,5851,6048,197
100,0,blank,0,134.888266666667,-20.1168166666667,6048,6245,197
100,0,blank,0,132.7568,-27.4043666666667,6245,6344,99
100,0,blank,0,234.3837,-21.8536,6377,6544,167
100,0,blank,0,272.0676,-29.2623666666667,6544,6741,197
100,0,blank,0,326.41055,-20.081,6741,6938,197
100,0,blank,0,390.498266666667,-21.3579333333333,6938,7137,199
100,0,blank,0,385.8669,-32.7984166666667,7137,7334,197
100,0,blank,0,381.815166666667,-22.6617166666667,7334,7533,199
100,0,blank,0,443.769683333333,-28.5988333333333,7533,7730,197
100,0,blank,0,434.264866666667,-17.7944666666667,7730,7829,99
100,0,blank,0,-321.4629,24.8085,7895,8062,167
100,1,zero,10,419.8324,4.687525,8128,8267,139
100,0,blank,0,-323,-105,8335,8511,176
100,1,zero,10,417.1401,8.54519999999999,8545,8565,20
100,1,/,12,450.920583333333,17.18125,8823,9015,192
100,0,blank,0,457.5604,5.65424,9015,9188,173
100,1,zero,10,431.0515,0.857859999999999,9188,9362,174
100,1,zero,10,423.0647,8.13396666666667,9362,9466,104
100,0,blank,0,206.56722,7.79616,9500,9673,173
100,1,elements,4,107.20354,2.68208,9673,9844,171
100,2,<,15,112.68215,33.0185,9844,9918,74
100,0,blank,0,255.67052,-7.9997,9957,10126,169
100,1,closest,8,325.2312,5.60022500000001,10126,10284,158
100,0,blank,0,419.239875,-0.756474999999998,10284,10471,187
100,0,blank,0,431.60135,-5.7974,10471,10535,64
100,0,blank,0,-323,-105,10602,10708,106
100,0,blank,0,411.4039,42.4933,10735,10760,25
100,1,to,9,378.467816666667,12.1680833333333,10816,10997,181
100,1,closest,8,352.97276,8.93106,10997,11165,168
100,1,closest,8,333.791916666667,13.9644166666667,11165,11360,195
100,1,closest,8,352.468716666667,14.7835,11360,11554,194
100,1,to,9,373.67625,3.616,11554,11750,196
100,0,blank,0,387.880033333333,8.57306666666667,11750,11849,99
100,0,blank,0,-323,-105,11914,12049,135
100,1,*,11,437.7443,13.2695,12075,12101,26
100,1,zero,10,429.718775,5.9135,12160,12276,116
100,0,blank,0,80.87828,47.07328,12344,12532,188
100,2,include,14,73.9834833333333,33.0120666666667,12532,12724,192
100,1,elements,4,74.37075,23.2761166666667,12724,12914,190
100,2,include,14,86.0814333333333,26.3557166666667,12914,13103,189
100,1,whose,5,155.36556,13.7907,13103,13282,179
100,0,blank,0,143.509566666667,8.75236666666667,13282,13472,190
100,1,elements,4,68.21772,8.03862,13472,13655,183
100,1,elements,4,76.0872666666667,10.6551,13655,13849,194
100,1,elements,4,73.8828833333333,13.9098333333333,13849,14047,198
100,1,elements,4,78.6188333333333,6.7341,14047,14145,98
100,0,blank,0,-323,-105,14211,14337,126
100,0,blank,0,137.8602,285.4745,14365,14389,24
100,0,blank,0,-323,-105,14415,14588,173
100,1,elements,4,87.6993,11.8865833333333,14614,14794,180
100,1,whose,5,161.235333333333,15.5864333333333,14794,14990,196
100,3,stdlib,23,170.606316666667,54.78295,14990,15180,190
100,4,h,32,172.4561,70.45485,15180,15364,184
100,4,math,30,121.534116666667,83.5093833333333,15364,15550,186
100,0,blank,0,94.7915833333333,76.3429333333333,15550,15741,191
100,4,include,28,87.22675,80.4871666666667,15741,15929,188
100,5,minAbsSumPair,35,84.17345,96.0351333333333,15929,16121,192
100,0,blank,0,122.452066666667,87.0681833333333,16121,16310,189
100,5,minAbsSumPair,35,98.7092333333333,92.7930833333333,16310,16501,191
100,0,blank,0,61.3629833333333,86.2866,16501,16693,192
100,4,include,28,84.9749333333333,83.7749166666667,16693,16880,187
100,0,blank,0,126.207283333333,90.7939666666667,16880,17070,190
100,5,minAbsSumPair,35,128.6033,95.9118333333333,17070,17257,187
100,5,minAbsSumPair,35,151.200116666667,92.6002,17257,17445,188
100,5,minAbsSumPair,35,142.695966666667,95.2358666666667,17445,17634,189
100,5,minAbsSumPair,35,159.944816666667,96.4126833333333,17634,17826,192
100,0,blank,0,180.934483333333,88.8057833333333,17826,18014,188
100,5,(,36,189.268866666667,93.3764,18014,18202,188
100,5,minAbsSumPair,35,173.842316666667,91.8446666666667,18202,18392,190
100,5,int,42,196.492733333333,91.6866166666667,18392,18580,188
100,0,blank,0,222.615016666667,81.6758666666667,18580,18769,189
100,0,blank,0,252.139683333333,82.2970833333333,18769,18957,188
100,5,comma,41,290.147533333333,91.3670666666666,18957,19145,188
100,5,arr,38,234.344083333333,104.402533333333,19145,19332,187
100,5,minAbsSumPair,35,115.357833333333,102.754883333333,19332,19520,188
100,0,blank,0,120.167083333333,89.7990166666667,19520,19707,187
100,5,minAbsSumPair,35,183.732866666667,91.87405,19707,19897,190
100,0,blank,0,241.02855,81.6783666666667,19897,20085,188
100,5,],40,280.697466666667,97.8668,20085,20273,188
100,5,],40,276.021875,93.413925,20273,20438,165
100,5,comma,41,289.9347,106.0306,20438,20554,116
100,0,blank,0,273.331,96.67485,20554,20747,193
100,0,blank,0,237.5308,83.03928,20947,21141,194
100,0,blank,0,253.3469,76.7016,21141,21314,173
100,0,blank,0,255.51235,77.8881,21314,21486,172
100,0,blank,0,261.50945,80.79115,21486,21655,169
100,5,arr,38,233.25186,108.84306,21655,21844,189
100,0,blank,0,266.55825,114.082316666667,21844,22026,182
100,0,blank,0,300.082483333333,104.921883333333,22026,22207,181
100,5,int,42,319.9406,106.583583333333,22207,22392,185
100,0,blank,0,352.914716666667,112.600616666667,22392,22575,183
100,5,arr_size,43,360.231516666667,105.636366666667,22575,22760,185
100,0,blank,0,362.9737,113.6583,22760,22791,31
100,0,blank,0,9.43985000000002,140.1504,22822,23003,181
100,7,int,46,39.5444666666667,148.419816666667,23003,23186,183
100,0,blank,0,16.83945,143.7408,23186,23370,184
100,0,blank,0,10.93025,151.496916666667,23370,23555,185
100,8,int,51,27.28775,158.642683333333,23555,23736,181
100,0,blank,0,59.0539666666667,149.732916666667,23736,23921,185
100,7,inv_count,47,92.61245,154.016866666667,23921,24102,181
100,8,l,52,65.6908333333333,161.59855,24102,24286,184
100,8,int,51,50.5461333333333,158.398033333333,24286,24468,182
100,0,blank,0,63.8442666666667,152.9648,24468,24653,185
100,8,int,51,53.9972833333333,162.789983333333,24653,24836,183
100,0,blank,0,92.5578666666667,156.102733333333,24836,25018,182
100,0,blank,0,119.141016666667,160.615883333333,25018,25200,182
100,0,blank,0,122.086983333333,160.532416666667,25200,25383,183
100,8,min_sum,56,138.1811,159.7601,25383,25565,182
100,8,min_sum,56,143.40015,165.88345,25565,25625,60
100,0,blank,0,7.30771666666666,183.970566666667,25655,25836,181
100,0,blank,0,19.9032666666667,192.095416666667,25836,26017,181
100,11,printf,71,44.9493666666667,233.296883333333,26017,26200,183
100,0,blank,0,47.8154333333333,274.71915,26200,26383,183
100,15,min_l,86,35.1828833333333,315.4203,26383,26569,186
100,16,min_r,90,32.92935,338.987716666667,26569,26756,187
100,16,min_r,90,42.6008166666667,335.338516666667,26756,26947,191
100,16,min_r,90,46.7228,337.6345,26947,26979,32
100,0,blank,0,-323,-105,27070,27173,103
100,25,min_sum,162,88.6449166666667,536.892666666667,27352,27534,182
100,0,blank,0,80.1264666666667,525.040233333333,27534,27726,192
100,0,blank,0,59.9421,492.431433333333,27726,27915,189
100,0,blank,0,34.577,439.73205,27915,28105,190
100,19,{,121,26.5596833333334,417.217916666667,28105,28294,189
100,0,blank,0,12.0788833333333,363.455583333333,28294,28486,192
100,15,min_l,86,27.1589333333333,324.189866666667,28486,28676,190
100,0,blank,0,24.836,234.2515,28676,28869,193
100,11,printf,71,54.2109333333333,232.169383333333,28869,29061,192
100,0,blank,0,38.2288,230.962433333333,29061,29254,193
100,0,blank,0,14.2597333333333,241.8753,29254,29449,195
100,0,blank,0,19.4188833333333,264.291733333333,29449,29642,193
100,0,blank,0,16.9989,166.612366666667,29642,29835,193
100,0,blank,0,19.7800333333333,187.915966666667,29835,30031,196
100,0,blank,0,36.9083666666667,226.96145,30031,30223,192
100,0,blank,0,37.4870166666667,261.197933333333,30223,30413,190
100,13,},78,28.91805,272.359866666667,30413,30603,190
100,15,min_l,86,32.1425666666667,313.495333333333,30603,30794,191
100,0,blank,0,180.64892,315.73276,30794,30952,158
100,15,min_l,86,38.8640333333333,326.2261,30984,31175,191
100,0,blank,0,114.464283333333,309.85755,31175,31363,188
100,0,blank,0,203.844466666667,309.66405,31363,31555,192
100,14,values,83,257.806166666667,307.191133333333,31555,31650,95
100,0,blank,0,1000.5465,166.146216666667,31713,31909,196
100,0,blank,0,1029.62816666667,154.254,31909,32105,196
100,0,blank,0,1034.5478,143.17884,32105,32273,168
100,0,blank,0,1040.9418,141.78182,32273,32448,175
100,0,blank,0,1045.9212,152.14178,32448,32617,169
100,0,blank,0,1031.948,120.479833333333,32617,32723,106
100,0,blank,0,1024.2055,466.7547,32789,32855,66
100,0,blank,0,1029.3812,679.50158,32888,33055,167
100,0,blank,0,1051.953,667.28265,33055,33122,67
101,0,blank,0,124.47658,570.25976,33487,33656,169
101,0,blank,0,92.82566,573.54392,33656,33830,174
101,35,[,200,99.92085,595.845933333333,33830,34022,192
101,0,blank,0,109.2756,570.326633333333,34022,34117,95
101,0,blank,0,-323,-105,34180,34364,184
101,35,[,200,98.8069166666667,586.046416666667,34481,34661,180
101,35,],201,109.244466666667,579.671,34661,34851,190
101,0,blank,0,107.8694,570.628433333333,34851,35040,189
101,0,blank,0,119.49632,573.05828,35040,35198,158
101,0,blank,0,-323,-105,35230,35416,186
101,0,blank,0,-323,-105,35416,35609,193
101,0,blank,0,107.201266666667,556.408933333333,35640,35819,179
101,0,blank,0,99.32155,555.3112,35819,36010,191
101,0,blank,0,100.3933,564.35445,36010,36200,190
101,0,blank,0,112.3044,571.014883333333,36200,36385,185
101,35,],201,108.556633333333,593.482783333333,36385,36572,187
101,0,blank,0,142.533866666667,596.197083333333,36572,36763,191
101,36,minAbsSumPair,217,151.388016666667,599.122283333333,36763,36952,189
101,36,minAbsSumPair,217,153.343633333333,608.2379,36952,37140,188
101,0,blank,0,103.321,593.099283333333,37140,37331,191
101,0,blank,0,132.103925,620.771775,37331,37459,128
101,0,blank,0,-323,-105,37787,37951,164
101,0,blank,0,-323,-105,37951,38149,198
101,0,blank,0,-323,-105,38149,38181,32
101,0,blank,0,237.203933333333,598.317083333333,38336,38520,184
101,0,blank,0,236.59842,598.44976,38520,38685,165
101,0,blank,0,268.460866666667,590.654966666667,38685,38880,195
101,35,comma,213,261.581433333333,591.482116666667,38880,39072,192
101,35,70,210,289.807483333333,588.07065,39072,39263,191
101,0,blank,0,308.053766666667,585.12375,39263,39458,195
101,35,-20,212,337.072266666667,594.1126,39458,39654,196
101,0,blank,0,357.270066666667,590.955033333333,39654,39850,196
101,0,blank,0,356.85662,576.34012,39850,40017,167
101,0,blank,0,362.66615,579.0057,40017,40083,66
101,0,blank,0,-323,-105,40150,40336,186
101,0,blank,0,123.91476,639.9393,40541,40710,169
101,37,),226,110.3843,639.74745,40710,40829,119
101,37,(,225,99.702,641.4554,40829,40952,123
101,0,blank,0,122.7082,637.0693,40952,41081,129
101,0,blank,0,114.244075,662.98085,41081,41273,192
101,0,blank,0,132.3238,667.5573,41273,41468,195
101,0,blank,0,144.482,665.99835,41468,41663,195
101,0,blank,0,130.977216666667,663.0087,41663,41858,195
101,0,blank,0,153.43442,648.66896,41858,42044,186
101,0,blank,0,-323,-105,42110,42250,140
101,0,blank,0,261.07295,623.0262,42426,42613,187
101,0,blank,0,234.353983333333,633.494533333333,42613,42805,192
101,0,blank,0,188.37025,625.4195,42805,43002,197
101,0,blank,0,140.565316666667,631.840966666667,43002,43198,196
101,0,blank,0,141.18235,626.245866666667,43198,43394,196
101,0,blank,0,146.5864,645.812583333333,43394,43590,196
101,0,blank,0,141.203133333333,632.378433333333,43590,43788,198
101,0,blank,0,113.563866666667,654.313666666667,43788,43981,193
101,38,0,229,103.466533333333,657.930683333333,43981,44171,190
101,0,blank,0,140.25425,664.041133333333,44171,44363,192
101,0,blank,0,137.920733333333,678.555866666667,44363,44459,96
101,0,blank,0,-323,-105,44492,44652,160
101,0,blank,0,133.3141,688.5945,44695,44747,52
101,0,blank,0,100.17295,670.090866666667,44835,45015,180
101,0,blank,0,123.112416666667,658.023916666667,45015,45206,191
101,0,blank,0,117.9507,653.0082,45206,45394,188
101,0,blank,0,87.8454333333333,662.15865,45394,45582,188
101,38,;,230,105.929466666667,660.0165,45582,45770,188
101,38,;,230,109.251366666667,654.893766666667,45770,45957,187
101,38,0,229,93.5504333333333,660.958966666667,45957,46144,187
101,38,;,230,105.00335,657.7549,46144,46334,190
101,0,blank,0,123.8475,650.296983333333,46334,46521,187
101,0,blank,0,118.9542,662.5056,46521,46554,33
101,33,),196,99.1576,544.8277,46584,46616,32
101,0,blank,0,144.009416666667,639.872283333333,46648,46836,188
101,36,minAbsSumPair,217,137.245566666667,614.037233333333,46836,46930,94
101,0,blank,0,155.752683333333,642.657733333333,46961,47150,189
101,0,blank,0,138.6955,647.794216666667,47150,47339,189
101,0,blank,0,130.1096,651.5867,47339,47371,32
101,37,;,227,119.6225,623.4545,47402,47433,31
101,0,blank,0,147.002616666667,638.6502,47496,47684,188
101,0,blank,0,270.062016666667,623.479616666667,47715,47904,189
101,36,;,223,238.962066666667,616.207033333333,47904,48095,191
101,36,comma,220,195.740783333333,618.59035,48095,48286,191
101,0,blank,0,231.243216666667,628.890283333333,48286,48478,192
101,0,blank,0,262.289116666667,641.493383333333,48478,48665,187
101,0,blank,0,278.143616666667,632.047,48665,48853,188
101,0,blank,0,-323,-105,48915,49096,181
101,0,blank,0,-323,-105,49096,49289,193
101,0,blank,0,-323,-105,49289,49334,45
101,0,blank,0,250.96525,618.92705,49367,49542,175
101,0,blank,0,250.383566666667,631.0592,49542,49730,188
101,0,blank,0,128.3141,622.55425,49760,49943,183
101,37,;,227,116.497483333333,637.746116666667,49943,50125,182
101,0,blank,0,138.865966666667,632.443316666667,50125,50304,179
101,0,blank,0,230.349283333333,653.9434,50304,50488,184
101,0,blank,0,246.2859,630.7098,50488,50673,185
101,0,blank,0,260.727983333333,617.854983333333,50673,50856,183
101,0,blank,0,239.189216666667,621.19865,50856,51041,185
101,0,blank,0,212.578983333333,637.4549,51041,51226,185
101,37,),226,109.9132,633.5255,51226,51406,180
101,0,blank,0,151.993483333333,640.761716666667,51406,51591,185
101,0,blank,0,208.0946,620.953766666667,51591,51778,187
101,0,blank,0,238.244833333333,629.665116666667,51778,51964,186
101,0,blank,0,228.210916666667,633.937683333333,51964,52151,187
101,0,blank,0,209.922016666667,623.9988,52151,52338,187
101,0,blank,0,173.138166666667,593.216033333333,52338,52523,185
101,36,minAbsSumPair,217,120.296016666667,604.426433333333,52523,52708,185
101,36,minAbsSumPair,217,153.640016666667,613.423983333333,52708,52893,185
101,36,minAbsSumPair,217,121.103916666667,617.963316666667,52893,53079,186
101,35,{,203,146.69775,597.61915,53079,53265,186
101,36,arr,219,177.120933333333,608.79645,53265,53451,186
101,0,blank,0,211.948366666667,612.567333333333,53451,53544,93
101,0,blank,0,-323,-105,53575,53758,183
101,0,blank,0,213.74095,589.3002,53906,54086,180
101,0,blank,0,131.978533333333,634.348083333333,54086,54274,188
101,0,blank,0,94.5361333333333,644.00115,54274,54461,187
101,38,0,229,102.543633333333,654.22145,54461,54646,185
101,0,blank,0,117.867533333333,675.500333333333,54646,54829,183
101,0,blank,0,133.234633333333,678.9407,54829,55013,184
101,0,blank,0,135.074,659.3547,55013,55198,185
101,0,blank,0,161.3484,660.5833,55198,55229,31
101,0,blank,0,993.928333333333,423.290066666667,55323,55512,189
101,0,blank,0,1041.63766666667,385.311183333333,55512,55703,191
101,0,blank,0,1045.112,359.269166666667,55703,55890,187
101,0,blank,0,1028.08916666667,356.681716666667,55890,56081,191
101,0,blank,0,1029.4005,364.371816666667,56081,56270,189
101,0,blank,0,1014.06033333333,368.672933333333,56270,56462,192
101,0,blank,0,1032.08866666667,383.240816666667,56462,56655,193
101,0,blank,0,1041.89575,382.1192,56655,56783,128
101,0,blank,0,247.261025,345.991025,56848,56977,129
101,0,blank,0,212.664966666667,578.863816666667,57010,57204,194
101,0,blank,0,219.627766666667,626.0073,57204,57392,188
101,0,blank,0,231.44585,628.91055,57392,57455,63
102,0,blank,0,104.736866666667,214.542616666667,57954,58139,185
102,11,"InvalidInput",73,168.25025,223.736883333333,58139,58325,186
102,9,arr_size,66,131.90305,184.083383333333,58325,58514,189
102,8,min_sum,56,165.824016666667,171.692266666667,58514,58703,189
102,7,inv_count,47,149.141633333333,155.15105,58703,58895,192
102,0,blank,0,121.833033333333,157.951516666667,58895,59086,191
102,0,blank,0,126.897083333333,115.501116666667,59086,59278,192
102,5,arr,38,233.710566666667,104.66265,59278,59472,194
102,5,int,42,327.426416666667,92.024,59472,59665,193
102,5,arr_size,43,403.422916666667,108.8135,59665,59858,193
102,0,blank,0,409.84445,112.856516666667,59858,60047,189
102,0,blank,0,339.368033333333,99.6454166666667,60047,60237,190
102,5,int,42,303.59246,96.16788,60237,60400,163
102,0,blank,0,-323,-105,60468,60623,155
102,0,blank,0,-323,-105,60623,60724,101
102,5,comma,41,285.209,92.7769666666667,60759,60945,186
102,5,comma,41,286.80638,105.2197,60945,61110,165
102,5,[,39,272.92295,97.4619,61110,61224,114
102,0,blank,0,305.3999,90.3754,61224,61342,118
102,5,int,42,307.82835,101.7771,61342,61526,184
102,5,int,42,303.1046,107.61565,61526,61593,67
102,0,blank,0,-323,-105,61626,61761,135
102,0,blank,0,298.154283333333,77.8661666666667,61891,62077,186
102,7,inv_count,47,93.8588666666667,144.108683333333,62111,62309,198
102,7,inv_count,47,139.5207,141.24975,62309,62507,198
102,7,inv_count,47,141.663433333333,148.985916666667,62507,62700,193
102,7,inv_count,47,149.2766,143.793716666667,62700,62894,194
102,0,blank,0,212.033933333333,142.182066666667,62894,63086,192
102,0,blank,0,233.353433333333,138.00575,63086,63277,191
102,0,blank,0,179.614366666667,151.735016666667,63277,63469,192
102,0,blank,0,116.9503,164.868966666667,63469,63660,191
102,8,comma,61,108.15085,165.65595,63660,63849,189
102,8,min_sum,56,129.077033333333,165.268833333333,63849,64041,192
102,8,min_sum,56,166.865933333333,167.282233333333,64041,64231,190
102,8,min_sum,56,155.998333333333,159.055683333333,64231,64421,190
102,8,min_sum,56,190.4942,163.290466666667,64421,64613,192
102,8,min_sum,56,177.57495,160.726683333333,64613,64805,192
102,8,min_sum,56,176.504116666667,158.678416666667,64805,64998,193
102,0,blank,0,206.9746,153.446633333333,64998,65189,191
102,8,sum,58,233.49985,161.010933333333,65189,65380,191
102,0,blank,0,288.8688,154.18875,65380,65571,191
102,0,blank,0,262.582566666667,160.334183333333,65571,65762,191
102,8,comma,61,196.514033333333,171.757633333333,65762,65953,191
102,8,sum,58,228.707066666667,169.500333333333,65953,66141,188
102,0,blank,0,283.295516666667,149.359166666667,66141,66331,190
102,0,blank,0,286.075883333333,156.218733333333,66331,66522,191
102,0,blank,0,315.761183333333,151.204266666667,66522,66714,192
102,8,min_r,62,338.510233333333,159.2935,66714,66904,190
102,0,blank,0,344.063333333333,157.5101,66904,67095,191
102,0,blank,0,353.729466666667,148.801766666667,67095,67190,95
102,0,blank,0,-323,-105,67253,67331,78
102,0,blank,0,377.605133333333,147.001366666667,67424,67602,178
102,0,blank,0,389.666083333333,155.580333333333,67602,67793,191
102,0,blank,0,414.481383333333,168.258033333333,67793,67985,192
102,0,blank,0,416.892466666667,173.350133333333,67985,68173,188
102,0,blank,0,407.0028,159.51825,68173,68236,63
102,0,blank,0,137.87765,190.491633333333,68269,68455,186
102,9,arr_size,66,106.840883333333,196.884666666667,68455,68643,188
102,9,arr_size,66,103.5473,193.04025,68643,68832,189
102,0,blank,0,135.208983333333,201.66215,68832,69021,189
102,9,<,67,150.222583333333,198.6827,69021,69209,188
102,9,),69,176.60388,189.77596,69209,69364,155
102,0,blank,0,-323,-105,69427,69584,157
102,0,blank,0,163.8574,219.2308,69610,69636,26
102,0,blank,0,135.334533333333,185.475983333333,69694,69869,175
102,9,arr_size,66,104.26465,192.055233333333,69869,70059,190
102,9,arr_size,66,97.47525,199.236283333333,70059,70247,188
102,0,blank,0,141.98545,195.2767,70247,70309,62
102,0,blank,0,322.165666666667,166.7544,70340,70528,188
102,8,comma,61,320.333016666667,165.355983333333,70528,70716,188
102,0,blank,0,382.17755,156.428666666667,70716,70908,192
102,8,min_r,62,379.79235,161.599383333333,70908,71098,190
102,8,min_r,62,354.039333333333,158.7666,71098,71192,94
102,11,"InvalidInput",73,169.0314,225.0652,71225,71465,240
102,0,blank,0,180.033271428571,251.441271428571,71465,71661,196
102,9,arr_size,66,131.273633333333,194.068783333333,71661,71844,183
102,9,arr_size,66,132.939025,191.811025,71844,71970,126
102,0,blank,0,-323,-105,72033,72199,166
102,9,arr_size,66,107.334866666667,192.548,72225,72407,182
102,9,arr_size,66,132.0497,188.126633333333,72407,72599,192
102,0,blank,0,204.022516666667,185.1522,72599,72789,190
102,0,blank,0,140.832633333333,192.714433333333,72789,72979,190
102,9,arr_size,66,115.623983333333,193.22715,72979,73170,191
102,0,blank,0,120.1768,277.0517,73170,73201,31
102,0,blank,0,-323,-105,73234,73341,107
102,9,arr_size,66,120.37355,196.295,73485,73663,178
102,9,2,68,163.29994,190.33782,73663,73821,158
102,0,blank,0,108.01155,204.18935,73821,73992,171
102,9,arr_size,66,102.411733333333,194.612016666667,73992,74178,186
102,0,blank,0,141.989816666667,202.691466666667,74178,74360,182
102,0,blank,0,143.2318,202.396583333333,74360,74544,184
102,0,blank,0,141.010533333333,190.934933333333,74544,74732,188
102,9,arr_size,66,113.21395,185.66905,74732,74922,190
102,9,arr_size,66,115.29955,190.1833,74922,75113,191
102,9,arr_size,66,118.386216666667,192.423033333333,75113,75304,191
102,9,arr_size,66,112.61815,190.650033333333,75304,75493,189
102,0,blank,0,143.452116666667,200.837366666667,75493,75682,189
102,9,<,67,147.475583333333,195.635483333333,75682,75868,186
102,0,blank,0,149.857766666667,204.42295,75868,76056,188
102,0,blank,0,144.1256,247.1842,76056,76087,31
102,0,blank,0,155.661516666667,208.469966666667,76233,76418,185
102,0,blank,0,157.654083333333,197.268816666667,76418,76603,185
102,0,blank,0,185.447683333333,201.865316666667,76603,76787,184
102,0,blank,0,183.073933333333,195.418533333333,76787,76970,183
102,9,arr_size,66,121.91035,196.666233333333,76970,77152,182
102,8,sum,58,217.60715,169.738516666667,77152,77335,183
102,8,sum,58,228.6102,166.8962,77335,77365,30
102,0,blank,0,-323,-105,77427,77480,53
102,7,inv_count,47,174.11865,146.2353,77584,77737,153
102,8,min_sum,56,184.32315,159.58805,77737,77830,93
102,9,2,68,165.86385,193.80065,77962,78142,180
102,9,2,68,166.32605,198.9553,78142,78316,174
102,9,arr_size,66,106.34955,179.6621,78316,78488,172
102,0,blank,0,102.982416666667,202.347183333333,78488,78675,187
102,9,arr_size,66,118.091016666667,191.100116666667,78675,78861,186
102,9,arr_size,66,81.13005,190.936516666667,78861,79049,188
102,9,arr_size,66,67.82265,191.033833333333,79049,79239,190
102,0,blank,0,-323,-105,79271,79329,58
102,9,arr_size,66,116.864133333333,186.098716666667,79445,79627,182
102,0,blank,0,141.294616666667,189.59485,79627,79817,190
102,9,arr_size,66,110.27644,191.751,79817,80000,183
102,9,arr_size,66,97.2348833333333,196.463316666667,80000,80188,188
102,0,blank,0,98.35765,202.17975,80188,80313,125
102,0,blank,0,-323,-105,80344,80455,111
102,9,arr_size,66,117.0187,183.023,80490,80537,47
102,0,blank,0,42.59595,233.672883333333,80601,80780,179
102,11,printf,71,55.86715,229.061633333333,80780,80971,191
102,11,"InvalidInput",73,129.944216666667,232.613183333333,80971,81160,189
102,11,"InvalidInput",73,214.887483333333,230.8643,81160,81347,187
102,0,blank,0,213.39196,221.94242,81347,81503,156
102,11,"InvalidInput",73,213.65995,223.8573,81503,81650,147
102,0,blank,0,218.6223,221.7812,81650,81765,115
102,0,blank,0,230.3412,272.4026,81765,81858,93
102,0,blank,0,-323,-105,81913,82022,109
102,0,blank,0,103.058183333333,212.848266666667,82169,82350,181
102,0,blank,0,92.2154833333333,221.267883333333,82350,82542,192
102,0,blank,0,102.81478,201.33658,82542,82703,161
102,11,"InvalidInput",73,225.136066666667,230.322766666667,82736,82932,196
102,11,"InvalidInput",73,240.040533333333,231.749633333333,82932,83029,97
102,11,printf,71,62.34105,226.322716666667,83063,83261,198
102,0,blank,0,80.56936,217.2649,83261,83431,170
102,11,printf,71,79.6352666666667,226.098533333333,83431,83629,198
102,11,"InvalidInput",73,179.04026,232.76156,83629,83794,165
102,0,blank,0,-323,-105,83827,83885,58
102,0,blank,0,219.748166666667,208.4027,84029,84218,189
102,0,blank,0,220.90872,212.87448,84218,84395,177
102,0,blank,0,212.81182,218.3145,84395,84566,171
102,11,"InvalidInput",73,213.8169,229.8133,84566,84601,35
102,0,blank,0,-323,-105,84636,84829,193
102,0,blank,0,180.196066666667,210.174483333333,84862,85053,191
102,0,blank,0,189.99718,219.2857,85053,85228,175
102,0,blank,0,162.0427,285.3444,85228,85264,36
102,0,blank,0,-323,-105,85298,85489,191
102,0,blank,0,-323,-105,85489,85556,67
102,11,"InvalidInput",73,152.797933333333,226.45945,85591,85771,180
102,0,blank,0,180.404166666667,217.394466666667,85771,85968,197
102,11,"InvalidInput",73,195.4843,225.26295,85968,86162,194
102,11,"InvalidInput",73,205.301125,224.190775,86162,86292,130
102,11,printf,71,102.526083333333,226.913916666667,86323,86516,193
102,11,"InvalidInput",73,137.8456,237.74115,86516,86704,188
102,0,blank,0,-323,-105,86768,86843,75
102,0,blank,0,129.4648,208.4685,86872,86926,54
102,0,blank,0,205.85265,217.459133333333,86991,87178,187
102,11,"InvalidInput",73,231.278166666667,225.265066666667,87178,87374,196
102,11,"InvalidInput",73,238.6628,242.9934,87374,87408,34
102,12,return,76,52.3881,262.844466666667,87441,87634,193
102,0,blank,0,51.3337333333333,270.283266666667,87634,87822,188
102,12,return,76,71.6327,264.9382,87822,88011,189
102,12,return,76,63.55975,255.1619,88011,88200,189
102,12,return,76,75.6629166666667,255.730716666667,88200,88391,191
102,12,return,76,83.4307333333333,256.640583333333,88391,88583,192
102,12,return,76,65.9584333333333,264.134733333333,88583,88774,191
102,12,return,76,63.2033333333333,261.7182,88774,88964,190
102,0,blank,0,47.9919666666667,244.620283333333,88964,89153,189
102,0,blank,0,33.99555,212.420683333333,89153,89342,189
102,9,arr_size,66,71.5867833333333,199.6156,89342,89530,188
102,11,printf,71,51.9605833333333,240.147483333333,89530,89720,190
102,13,},78,27.2248833333333,275.435,89720,89910,190
102,14,/,85,24.5636333333333,293.5989,89910,90098,188
102,14,/,85,25.2903333333333,307.96315,90098,90287,189
102,14,Initialization,81,93.5823666666667,297.196866666667,90287,90476,189
102,14,Initialization,81,173.309316666667,307.08325,90476,90664,188
102,0,blank,0,203.349383333333,308.911566666667,90664,90852,188
102,0,blank,0,234.6833,314.9295,90852,90915,63
102,16,min_r,90,43.6638666666667,335.659816666667,90946,91135,189
102,16,min_r,90,42.7816333333333,335.484766666667,91135,91326,191
102,0,blank,0,71.51095,333.428266666667,91326,91523,197
102,15,min_l,86,71.1715,327.57968,91523,91696,173
102,15,min_l,86,33.78628,328.17468,91696,91874,178
102,15,min_l,86,38.53786,320.14086,91874,92052,178
102,15,min_l,86,49.74812,323.27682,92052,92226,174
102,15,min_l,86,50.9919,328.87948,92226,92393,167
102,15,min_l,86,48.21455,330.7499,92393,92458,65
102,0,blank,0,-323,-105,92491,92684,193
102,0,blank,0,-323,-105,92684,92747,63
102,16,=,91,88.14075,337.9811,92784,92970,186
102,0,blank,0,58.4982666666667,354.62895,92970,93169,199
102,17,min_sum,94,55.40048,363.52214,93169,93336,167
102,17,min_sum,94,49.69788,362.0819,93336,93504,168
102,17,min_sum,94,33.61242,362.2934,93504,93671,167
102,0,blank,0,38.9933,354.667133333333,93671,93867,196
102,16,min_r,90,61.62965,337.617783333333,93867,94063,196
102,15,min_l,86,48.3433166666667,313.11605,94063,94259,196
102,15,min_l,86,60.5611833333333,319.995033333333,94259,94455,196
102,0,blank,0,82.18455,331.754316666667,94455,94648,193
102,17,min_sum,94,67.0903833333333,356.588166666667,94648,94840,192
102,17,min_sum,94,25.9718666666667,356.704233333333,94840,95031,191
102,17,min_sum,94,51.2777333333333,359.1334,95031,95221,190
102,16,min_r,90,30.1165833333333,351.758566666667,95221,95411,190
102,0,blank,0,-323,-105,95475,95611,136
102,16,min_r,90,68.4735166666667,335.590616666667,95641,95819,178
102,16,min_r,90,52.0604333333333,342.190666666667,95819,96011,192
102,16,min_r,90,49.0051666666667,337.15795,96011,96203,192
102,16,min_r,90,52.2807333333333,343.36285,96203,96395,192
102,17,min_sum,94,62.0593666666667,360.484916666667,96395,96583,188
102,17,min_sum,94,42.26635,375.7007,96583,96770,187
102,18,(,107,57.0766333333333,378.349866666667,96770,96957,187
102,18,0,110,109.16485,381.091433333333,96957,97145,188
102,18,l,118,136.6068,383.282283333333,97145,97332,187
102,0,blank,0,168.083183333333,381.817616666667,97332,97521,189
102,18,arr_size,114,202.092383333333,378.448466666667,97521,97707,186
102,17,arr,101,225.609666666667,368.878383333333,97707,97894,187
102,0,blank,0,158.942166666667,376.893016666667,97894,98080,186
102,17,arr,101,147.32905,375.74385,98080,98267,187
102,0,blank,0,209.668316666667,370.494633333333,98267,98454,187
102,17,arr,101,227.82495,367.47045,98454,98517,63
102,0,blank,0,-323,-105,98547,98706,159
102,17,min_sum,94,26.3396,367.1716,98750,98807,57
102,17,min_sum,94,63.11035,374.921316666667,98876,99055,179
102,17,min_sum,94,68.9033166666667,368.9922,99055,99245,190
102,17,min_sum,94,51.7179,371.198716666667,99245,99435,190
102,17,min_sum,94,40.0477666666667,373.427266666667,99435,99624,189
102,17,min_sum,94,80.7226,365.794483333333,99624,99813,189
102,17,arr,101,127.435383333333,368.333333333333,99813,100002,189
102,0,blank,0,-321.735875,415.17235,100098,100232,134
102,0,blank,0,168.99355,342.0548,100295,100490,195
102,0,blank,0,249.938566666667,349.665516666667,100490,100678,188
102,17,arr,101,239.81685,364.761616666667,100678,100865,187
102,0,blank,0,324.270533333333,365.4444,100865,101055,190
102,0,blank,0,317.706766666667,358.388666666667,101055,101244,189
102,0,blank,0,127.4415,379.078133333333,101274,101462,188
102,0,blank,0,132.109366666667,376.833816666667,101462,101648,186
102,0,blank,0,127.697416666667,386.800816666667,101648,101834,186
102,0,blank,0,140.6039,529.701033333333,101834,101957,123
102,31,"Thetwoelementswhosesumisminimumare%dand%d",179,138.03655,669.2411,102072,102266,194
102,31,"Thetwoelementswhosesumisminimumare%dand%d",179,216.633033333333,663.319133333333,102266,102460,194
102,0,blank,0,243.579483333333,658.681483333333,102460,102648,188
102,31,"Thetwoelementswhosesumisminimumare%dand%d",179,248.511675,669.636725,102648,102774,126
102,0,blank,0,1079.0788,361.2466,102940,103087,147
102,0,blank,0,1042.1565,221.938466666667,103119,103314,195
102,0,blank,0,1045.28216666667,157.238533333333,103314,103508,194
102,0,blank,0,1046.1104,166.48722,103508,103676,168
102,0,blank,0,1056.43983333333,169.039066666667,103676,103875,199
102,0,blank,0,1056.07216666667,175.9118,103875,104070,195
102,0,blank,0,1068.645,169.755483333333,104070,104266,196
102,0,blank,0,1067.32466666667,179.526233333333,104266,104367,101
102,0,blank,0,1068.01516666667,471.027983333333,104401,104594,193
102,0,blank,0,1079.997,454.5722,104594,104660,66
103,0,blank,0,119.70585,617.462033333333,105114,105306,192
103,0,blank,0,137.8563,573.6539,105306,105496,190
103,0,blank,0,145.367775,538.14235,105496,105623,127
103,0,blank,0,1037.892,318.81405,105718,105908,190
103,0,blank,0,1048.8245,302.913566666667,105908,106097,189
103,0,blank,0,1057.07033333333,288.685633333333,106097,106288,191
103,0,blank,0,1061.96216666667,292.128883333333,106288,106480,192
103,0,blank,0,1066.3395,278.061075,106480,106611,131
103,0,blank,0,224.567333333333,586.02125,106677,106872,195
103,0,blank,0,208.8453,582.871216666667,106872,107068,196
103,0,blank,0,213.473933333333,598.6806,107068,107165,97
104,0,blank,0,204.076366666667,615.569416666667,107641,107834,193
104,23,min_sum,153,194.4734,491.494475,107834,107963,129
104,17,0,98,165.299716666667,369.2997,107994,108190,196
104,0,blank,0,-323,-105,108254,108418,164
104,18,l,118,135.9863,391.8723,108476,108545,69
104,17,arr,101,137.959383333333,367.2311,108628,108807,179
104,17,arr,101,138.091716666667,367.289716666667,108807,108999,192
104,0,blank,0,133.108366666667,382.200416666667,108999,109186,187
104,0,blank,0,117.671633333333,374.8685,109186,109374,188
104,0,blank,0,114.224,372.930266666667,109374,109563,189
104,0,blank,0,115.892166666667,365.140266666667,109563,109753,190
104,0,blank,0,139.064233333333,313.976816666667,109753,109942,189
104,0,blank,0,132.667033333333,313.983633333333,109942,110132,190
104,14,Initialization,81,156.0305,298.90485,110132,110195,63
104,0,blank,0,284.20532,286.03602,110226,110385,159
104,0,blank,0,129.413166666667,324.185316666667,110416,110603,187
104,0,blank,0,134.291466666667,333.167266666667,110603,110792,189
104,0,blank,0,124.08345,321.714583333333,110792,110983,191
104,0,blank,0,126.176375,330.081425,110983,111110,127
104,0,blank,0,527.005275,109.744175,111174,111301,127
104,0,blank,0,621.02118,2.58304,111333,111492,159
104,0,blank,0,172.124416666667,276.94425,111554,111746,192
104,14,Initialization,81,117.58694,296.03994,111746,111905,159
104,0,blank,0,-323,-105,111970,112122,152
104,18,;,117,121.7474,381.2694,112149,112174,25
104,15,0,88,109.807066666667,314.065466666667,112230,112407,177
104,0,blank,0,115.823383333333,309.333333333333,112407,112599,192
104,0,blank,0,132.03905,257.564583333333,112599,112789,190
104,14,Initialization,81,121.119783333333,307.689383333333,112789,112978,189
104,15,;,89,121.88595,313.2208,112978,113165,187
104,0,blank,0,157.3554,320.429283333333,113165,113355,190
104,0,blank,0,149.1109,323.6697,113355,113419,64
104,11,"InvalidInput",73,254.334416666667,226.342233333333,113451,113643,192
104,14,Initialization,81,135.0521,295.115083333333,113676,113867,191
104,14,Initialization,81,126.97468,298.0344,113867,114027,160
104,0,blank,0,979.576666666667,261.565333333333,114090,114285,195
104,0,blank,0,1035.96466666667,259.049233333333,114285,114381,96
104,14,Initialization,81,173.2336,303.7443,114445,114640,195
104,14,Initialization,81,126.7827,296.59375,114640,114835,195
104,14,Initialization,81,134.6448,306.3553,114835,115030,195
104,0,blank,0,-323,-105,115095,115266,171
104,0,blank,0,136.269816666667,315.506183333333,115293,115471,178
104,14,Initialization,81,154.3525,298.348566666667,115471,115663,192
104,0,blank,0,163.243616666667,315.236016666667,115663,115853,190
104,0,blank,0,164.278183333333,308.114733333333,115853,116041,188
104,0,blank,0,144.68635,333.927783333333,116041,116229,188
104,0,blank,0,99.82245,337.0606,116229,116413,184
104,0,blank,0,124.936683333333,335.5346,116413,116598,185
104,0,blank,0,147.694833333333,337.84415,116598,116782,184
104,0,blank,0,167.673683333333,338.382783333333,116782,116971,189
104,0,blank,0,139.0537,353.173783333333,116971,117161,190
104,17,arr,101,124.17865,363.240075,117161,117288,127
104,0,blank,0,117.527675,360.69275,117288,117484,196
104,17,[,102,162.414366666667,361.290583333333,117484,117676,192
104,0,blank,0,207.237583333333,355.195183333333,117676,117868,192
104,17,[,102,247.147333333333,359.228116666667,117868,118059,191
104,0,blank,0,291.312966666667,352.4513,118059,118248,189
104,0,blank,0,306.485883333333,376.54595,118248,118433,185
104,0,blank,0,300.049025,349.545475,118433,118557,124
104,0,blank,0,-323,-105,118711,118818,107
104,0,blank,0,236.7747,-103.9005,118843,118869,26
104,0,blank,0,258.283183333333,342.432133333333,118917,119112,195
104,0,blank,0,264.025666666667,326.1958,119112,119248,136
104,18,=,109,86.470525,382.191825,119295,119476,181
104,18,l,118,70.579125,391.442625,119476,119644,168
104,0,blank,0,101.749475,376.5591,119644,119813,169
104,0,blank,0,148.3445,376.9702,119813,120001,188
104,0,blank,0,166.897716666667,385.750433333333,120001,120184,183
104,18,arr_size,114,189.149066666667,381.488516666667,120184,120370,186
104,17,1,103,255.22945,367.506883333333,120370,120555,185
104,17,arr,101,229.626733333333,362.14555,120555,120741,186
104,17,arr,101,146.638966666667,356.425816666667,120741,120929,188
104,0,blank,0,123.371733333333,351.377383333333,120929,121115,186
104,0,blank,0,114.37476,366.80502,121115,121271,156
104,0,blank,0,-323,-105,121333,121460,127
104,17,arr,101,125.605666666667,375.8694,121632,121805,173
104,17,arr,101,137.601866666667,363.413833333333,121805,121991,186
104,17,[,102,161.308766666667,375.081133333333,121991,122178,187
104,0,blank,0,132.476875,382.663025,122178,122325,147
104,17,+,100,194.19135,356.47325,122325,122520,195
104,18,arr_size,114,184.885933333333,397.9639,122520,122707,187
104,17,0,98,170.69615,358.01825,122707,122893,186
104,0,blank,0,163.5246,355.98348,122893,123070,177
104,18,l,118,139.133733333333,378.805716666667,123070,123254,184
104,17,arr,101,138.627,372.21975,123254,123439,185
104,0,blank,0,186.148783333333,376.7784,123439,123628,189
104,18,arr_size,114,218.328716666667,382.11515,123628,123814,186
104,0,blank,0,207.969816666667,375.479183333333,123814,124000,186
104,18,arr_size,114,202.757,378.15705,124000,124185,185
104,18,arr_size,114,215.04955,387.550166666667,124185,124371,186
104,0,blank,0,262.973716666667,381.3816,124371,124558,187
104,0,blank,0,304.852933333333,394.187683333333,124558,124745,187
104,18,++,119,326.563733333333,383.963983333333,124745,124933,188
104,18,++,119,332.539366666667,379.125416666667,124933,125121,188
104,0,blank,0,303.222033333333,393.231666666667,125121,125309,188
104,0,blank,0,373.533116666667,392.7861,125309,125495,186
104,0,blank,0,384.69825,382.384016666667,125495,125684,189
104,0,blank,0,376.5307,393.9367,125684,125746,62
104,20,+1,127,142.077633333333,428.10995,125776,125964,188
104,20,+1,127,144.99026,428.17822,125964,126143,179
104,20,;,132,161.1251,430.76734,126143,126319,176
104,0,blank,0,192.621483333333,422.790933333333,126319,126506,187
104,0,blank,0,206.227333333333,429.701116666667,126506,126693,187
104,0,blank,0,171.06372,423.8621,126693,126870,177
104,20,+1,127,153.83325,436.445433333333,126870,127058,188
104,0,blank,0,145.419216666667,399.09685,127058,127243,185
104,0,blank,0,139.394233333333,353.853483333333,127243,127429,186
104,0,blank,0,142.014583333333,318.767466666667,127429,127612,183
104,0,blank,0,134.748766666667,345.71245,127612,127797,185
104,0,blank,0,165.6606,399.326783333333,127797,127982,185
104,0,blank,0,171.4278,422.313316666667,127982,128167,185
104,0,blank,0,188.270283333333,413.066683333333,128167,128354,187
104,20,<,130,199.992683333333,431.188816666667,128354,128545,191
104,0,blank,0,210.52335,425.509,128545,128606,61
104,20,<,130,196.698433333333,438.322516666667,128673,128855,182
104,0,blank,0,202.644983333333,446.32765,128855,129039,184
104,0,blank,0,-323,-105,129069,129199,130
104,0,blank,0,180.413928571429,416.640214285714,129300,129499,199
104,18,<,113,158.340366666667,385.416966666667,129499,129683,184
104,18,<,113,154.275816666667,389.213716666667,129683,129865,182
104,18,<,113,156.842783333333,379.179083333333,129865,130046,181
104,17,0,98,170.96865,375.64925,130046,130229,183
104,0,blank,0,229.764933333333,415.25835,130229,130408,179
104,18,-,115,269.7849,395.1851,130408,130591,183
104,18,arr_size,114,250.798716666667,377.049866666667,130591,130775,184
104,18,arr_size,114,242.656416666667,387.987366666667,130775,130958,183
104,0,blank,0,189.984016666667,436.507066666667,130958,131143,185
104,20,<,130,194.067416666667,436.541383333333,131143,131329,186
104,20,<,130,198.385316666667,431.27465,131329,131515,186
104,0,blank,0,186.594683333333,403.086583333333,131515,131702,187
104,0,blank,0,206.398516666667,442.166933333333,131702,131889,187
104,20,arr_size,131,213.264416666667,433.45185,131889,132076,187
104,20,<,130,193.351966666667,424.53475,132076,132264,188
104,0,blank,0,168.97875,388.788383333333,132264,132450,186
104,20,arr_size,131,279.503016666667,438.309866666667,132482,132668,186
104,20,arr_size,131,267.500216666667,433.446933333333,132668,132856,188
104,20,arr_size,131,289.32975,434.638766666667,132856,133045,189
104,20,;,132,299.004283333333,429.843883333333,133045,133233,188
104,0,blank,0,367.691733333333,428.99655,133233,133422,189
104,0,blank,0,380.750366666667,433.518966666667,133422,133610,188
104,0,blank,0,371.80695,407.0382,133610,133733,123
104,0,blank,0,136.933333333333,448.5503,133764,133951,187
104,20,+1,127,144.633266666667,433.887216666667,133951,134138,187
104,20,<,130,200.4787,438.43475,134138,134261,123
104,0,blank,0,-323,-105,134323,134479,156
104,0,blank,0,347.3416,-103.9298,134505,134532,27
104,0,blank,0,156.678733333333,444.61345,134583,134755,172
104,22,arr,144,151.35605,471.345083333333,134755,134944,189
104,22,[,145,155.595166666667,469.8521,134944,135134,190
104,0,blank,0,154.6701,479.122216666667,135134,135322,188
104,0,blank,0,138.4376,450.204883333333,135322,135510,188
104,0,blank,0,155.092866666667,449.042066666667,135510,135699,189
104,0,blank,0,172.742975,440.851625,135699,135823,124
104,0,blank,0,-323,-105,135855,136038,183
104,0,blank,0,191.3196,572.0783,136064,136089,25
104,0,blank,0,171.581816666667,434.173066666667,136144,136321,177
104,20,;,132,157.078283333333,433.624433333333,136321,136510,189
104,0,blank,0,139.726183333333,448.108666666667,136510,136698,188
104,0,blank,0,185.04546,453.74442,136698,136873,175
104,22,[,145,158.4497,478.91895,136873,137060,187
104,23,min_sum,153,150.720816666667,488.2051,137060,137233,173
104,23,min_sum,153,156.7271,488.244383333333,137233,137419,186
104,22,l,141,173.69995,485.656366666667,137419,137604,185
104,22,arr,144,217.351083333333,479.930583333333,137604,137790,186
104,22,arr,144,220.166466666667,474.474483333333,137790,137976,186
104,0,blank,0,223.19255,465.922775,137976,138101,125
104,0,blank,0,-323,-105,138132,138288,156
104,0,blank,0,238.1887,591.287,138314,138340,26
104,22,arr,144,227.69385,484.633766666667,138392,138567,175
104,22,[,145,246.77975,480.20935,138567,138753,186
104,23,sum,158,307.810133333333,489.840233333333,138753,138938,185
104,23,),160,330.126833333333,496.38505,138938,139121,183
104,0,blank,0,330.397,479.837416666667,139121,139304,183
104,0,blank,0,329.9578,479.139983333333,139304,139489,185
104,0,blank,0,323.68155,471.02655,139489,139551,62
104,23,min_sum,153,159.0954,497.088416666667,139582,139769,187
104,23,min_sum,153,156.828616666667,502.155833333333,139769,139952,183
104,0,blank,0,181.492966666667,510.4221,139952,140139,187
104,23,min_sum,153,175.3302,504.9239,140139,140327,188
104,0,blank,0,167.667416666667,514.212583333333,140327,140516,189
104,23,min_sum,153,181.882116666667,506.76045,140516,140703,187
104,23,min_sum,153,160.7339,498.038216666667,140703,140892,189
104,23,min_sum,153,190.6281,497.572783333333,140892,141083,191
104,23,min_sum,153,177.04405,491.88185,141083,141277,194
104,23,min_sum,153,174.561516666667,502.2628,141277,141472,195
104,23,),160,208.726833333333,500.78485,141472,141669,197
104,0,blank,0,216.60484,514.61754,141669,141836,167
104,0,blank,0,175.651466666667,525.9949,141836,142032,196
104,0,blank,0,161.450116666667,518.120116666667,142032,142228,196
104,17,=,95,111.7098,362.5524,142261,142394,133
104,0,blank,0,168.71385,513.532366666667,142427,142623,196
104,0,blank,0,159.79545,509.6928,142623,142712,89
104,23,min_sum,153,175.3317,505.6259,142712,142834,122
104,23,min_sum,153,183.9384,506.3078,142834,142949,115
104,0,blank,0,214.419066666667,502.712033333333,142949,143116,167
104,23,min_sum,153,203.5263,501.7015,143116,143149,33
104,0,blank,0,119.264783333333,288.611433333333,143182,143377,195
104,11,"InvalidInput",73,121.783366666667,233.571616666667,143377,143572,195
104,8,r,54,99.5075833333333,171.967,143572,143766,194
104,5,minAbsSumPair,35,105.01775,108.100066666667,143766,143957,191
104,5,minAbsSumPair,35,116.805233333333,104.191816666667,143957,144145,188
104,5,minAbsSumPair,35,147.728716666667,108.368966666667,144145,144338,193
104,5,minAbsSumPair,35,138.374316666667,107.827833333333,144338,144529,191
104,5,minAbsSumPair,35,164.087766666667,107.17155,144529,144720,191
104,0,blank,0,179.435133333333,145.006,144720,144816,96
104,0,blank,0,169.030783333333,520.098666666667,144882,145074,192
104,23,min_sum,153,173.04495,505.964133333333,145074,145268,194
104,23,min_sum,153,202.698566666667,501.11535,145268,145464,196
104,23,),160,211.160333333333,504.727516666667,145464,145659,195
104,23,),160,212.6768,503.015,145659,145852,193
104,0,blank,0,212.101,508.2964,145852,145884,32
104,0,blank,0,-323,-105,145916,146104,188
104,0,blank,0,234.00635,498.61665,146229,146412,183
104,23,abs,156,246.81135,501.59695,146412,146606,194
104,23,abs,156,271.673483333333,492.4197,146606,146796,190
104,0,blank,0,248.85,510.6324,146796,146985,189
104,0,blank,0,176.030083333333,453.79705,146985,147174,189
104,0,blank,0,160.187766666667,449.182883333333,147174,147366,192
104,22,l,141,165.962433333333,470.7939,147366,147560,194
104,0,blank,0,190.3559,479.981783333333,147560,147752,192
104,23,abs,156,248.762633333333,493.778283333333,147752,147947,195
104,23,sum,158,293.6796,504.4467,147947,148140,193
104,23,sum,158,300.693483333333,500.454,148140,148339,199
104,0,blank,0,273.701083333333,509.552266666667,148339,148538,199
104,0,blank,0,191.5884,514.121225,148538,148671,133
104,0,blank,0,-323,-105,148704,148840,136
104,0,blank,0,283.7916,530.0563,148871,148897,26
104,0,blank,0,314.042033333333,509.693616666667,148957,149138,181
104,23,sum,158,309.355566666667,506.938516666667,149138,149334,196
104,23,),160,315.258283333333,505.669366666667,149334,149527,193
104,0,blank,0,344.325133333333,515.659883333333,149527,149719,192
104,0,blank,0,313.026466666667,510.1069,149719,149911,192
104,0,blank,0,321.032516666667,508.401983333333,149911,150104,193
104,23,sum,158,286.7002,497.89895,150104,150298,194
104,23,min_sum,153,170.980216666667,489.524333333333,150298,150492,194
104,23,min_sum,153,167.842433333333,493.325233333333,150492,150687,195
104,0,blank,0,221.366883333333,492.60415,150687,150883,196
104,0,blank,0,322.949566666667,498.3232,150883,151078,195
104,0,blank,0,323.9779,510.105333333333,151078,151272,194
104,0,blank,0,-323,-105,151339,151533,194
104,0,blank,0,351.158016666667,503.05755,151562,151743,181
104,0,blank,0,351.751566666667,516.019,151743,151870,127
104,0,blank,0,-323,-105,151937,152048,111
104,0,blank,0,353.1722,509.3565,152195,152294,99
104,0,blank,0,-321.86515,470.8408,152391,152520,129
104,23,(,157,281.873583333333,503.438033333333,152586,152781,195
104,23,),160,320.2084,505.66765,152781,152973,192
104,0,blank,0,328.1829,524.4208,152973,153005,32
104,23,),160,212.413283333333,500.17995,153036,153228,192
104,22,],147,266.884066666667,485.9534,153228,153421,193
104,23,sum,158,285.4707,493.158483333333,153421,153612,191
104,23,min_sum,153,195.967216666667,494.87585,153612,153807,195
104,0,blank,0,189.97485,419.261066666667,153807,153999,192
104,0,blank,0,116.552283333333,359.791966666667,153999,154191,192
104,17,arr,101,125.260883333333,359.74605,154191,154385,194
104,17,],104,175.7082,364.799816666667,154385,154578,193
104,17,arr,101,223.536033333333,366.492233333333,154578,154771,193
104,17,[,102,250.16535,361.68835,154771,154963,192
104,0,blank,0,268.53915,352.08985,154963,155026,63
104,0,blank,0,-323,-105,155090,155223,133
104,0,blank,0,249.507833333333,341.1475,155332,155513,181
104,0,blank,0,247.99975,342.373816666667,155513,155707,194
104,0,blank,0,-323,-105,155772,155929,157
104,0,blank,0,273.3203,365.7431,155956,155985,29
104,0,blank,0,261.6622,345.418783333333,156059,156241,182
104,0,blank,0,210.187183333333,443.54355,156241,156432,191
104,0,blank,0,205.99345,458.874683333333,156432,156624,192
104,23,),160,211.22895,487.63745,156624,156817,193
104,22,;,148,275.039033333333,482.68285,156817,157009,192
104,23,sum,158,289.935866666667,492.197933333333,157009,157201,192
104,0,blank,0,230.197016666667,509.890033333333,157201,157395,194
104,0,blank,0,168.453683333333,527.443066666667,157395,157586,191
104,23,min_sum,153,157.3187,503.2467,157586,157782,196
104,23,min_sum,153,160.99034,498.25442,157782,157942,160
104,0,blank,0,-323,-105,158006,158164,158
104,0,blank,0,-323,-105,158164,158211,47
104,23,min_sum,153,176.0103,492.16745,158254,158435,181
104,23,),160,207.4427,502.0679,158435,158627,192
104,23,>,155,230.735066666667,496.717966666667,158627,158816,189
104,23,sum,158,305.954316666667,488.763766666667,158816,159006,190
104,23,),160,314.02925,496.51455,159006,159194,188
104,23,),160,317.23554,491.07708,159194,159353,159
104,0,blank,0,188.7078,439.390533333333,159385,159575,190
104,17,0,98,163.146083333333,368.220116666667,159575,159768,193
104,0,blank,0,206.962466666667,351.49595,159768,159964,196
104,17,arr,101,221.607516666667,356.564633333333,159964,160157,193
104,0,blank,0,209.88685,418.745816666667,160157,160350,193
104,20,r,133,180.037183333333,422.912833333333,160350,160540,190
104,20,+1,127,152.122883333333,434.683566666667,160540,160733,193
104,0,blank,0,204.23735,432.4368,160733,160929,196
104,0,blank,0,230.775733333333,416.791783333333,160929,161122,193
104,0,blank,0,160.50785,443.146866666667,161122,161315,193
104,20,+1,127,141.1861,430.0055,161315,161510,195
104,0,blank,0,130.868516666667,411.224283333333,161510,161702,192
104,0,blank,0,172.666566666667,414.837666666667,161702,161896,194
104,0,blank,0,165.5838,393.39175,161896,161959,63
104,0,blank,0,-323,-105,161991,162123,132
104,23,min_sum,153,162.2229,491.5002,162149,162174,25
104,0,blank,0,160.065166666667,453.823683333333,162228,162403,175
104,22,l,141,166.614283333333,466.963333333333,162403,162594,191
104,0,blank,0,189.5329,428.49925,162594,162786,192
104,20,arr_size,131,220.337033333333,430.709733333333,162786,162977,191
104,20,arr_size,131,217.604633333333,433.625133333333,162977,163100,123
104,0,blank,0,211.1572,418.0027,163100,163208,108
104,0,blank,0,205.1234,431.0236,163208,163303,95
104,23,),160,206.7738,492.0804,163303,163487,184
104,22,arr,144,229.306383333333,480.546083333333,163487,163682,195
104,22,arr,144,232.41355,482.77305,163682,163875,193
104,0,blank,0,188.2995,483.86125,163875,164069,194
104,23,min_sum,153,152.1304,490.384933333333,164069,164261,192
104,0,blank,0,205.429483333333,477.801733333333,164261,164453,192
104,22,arr,144,230.5434,484.3637,164453,164646,193
104,0,blank,0,241.423916666667,499.170833333333,164646,164837,191
104,0,blank,0,245.560016666667,486.3358,164837,165029,192
104,23,),160,321.92775,488.730883333333,165029,165221,192
104,23,sum,158,312.64585,493.231,165221,165284,63
104,0,blank,0,-323,-105,165347,165499,152
104,0,blank,0,302.4778,547.7946,165525,165551,26
104,0,blank,0,301.733833333333,517.794583333333,165608,165784,176
104,0,blank,0,309.89045,513.2419,165784,165913,129
104,0,blank,0,174.904266666667,526.792116666667,165945,166135,190
104,0,blank,0,176.229483333333,546.587633333333,166135,166326,191
104,0,blank,0,151.6574,633.779,166326,166516,190
104,0,blank,0,159.791966666667,616.92465,166516,166708,192
104,0,blank,0,168.8291,603.90355,166708,166902,194
104,0,blank,0,153.75635,553.830483333333,166902,167097,195
104,0,blank,0,137.25468,520.29004,167097,167258,161
104,31,"Thetwoelementswhosesumisminimumare%dand%d",179,117.64045,677.2018,167290,167486,196
104,0,blank,0,120.489633333333,689.551,167486,167681,195
104,0,blank,0,228.955783333333,689.235716666667,167712,167907,195
104,0,blank,0,232.0217,684.1631,167907,167939,32
104,23,min_sum,153,149.26595,488.359383333333,167973,168166,193
104,22,arr,144,141.21325,473.9403,168166,168361,195
104,20,l,126,130.96355,439.34855,168361,168551,190
104,0,blank,0,121.58915,423.64925,168551,168614,63
104,0,blank,0,115.4063,534.2485,168646,168836,190
104,0,blank,0,115.361883333333,423.918833333333,168836,169023,187
104,0,blank,0,118.399066666667,461.663183333333,169023,169213,190
104,0,blank,0,115.0972,509.909933333333,169213,169403,190
104,0,blank,0,101.25975,458.11245,169403,169594,191
104,0,blank,0,103.13856,460.0602,169594,169752,158
104,31,"Thetwoelementswhosesumisminimumare%dand%d",179,211.8441,680.285783333333,169784,169975,191
104,31,"Thetwoelementswhosesumisminimumare%dand%d",179,294.58875,683.48865,169975,170165,190
104,0,blank,0,376.910033333333,687.17115,170165,170356,191
104,31,"Thetwoelementswhosesumisminimumare%dand%d",179,443.788366666667,668.928083333333,170356,170547,191
104,31,"Thetwoelementswhosesumisminimumare%dand%d",179,474.223466666667,671.621033333333,170547,170736,189
104,31,"Thetwoelementswhosesumisminimumare%dand%d",179,516.850283333333,683.6709,170736,170928,192
104,31,"Thetwoelementswhosesumisminimumare%dand%d",179,514.984225,671.0849,170928,171058,130
104,0,blank,0,-323,-105,171090,171273,183
104,0,blank,0,-323,-105,171273,171458,185
104,0,blank,0,-323,-105,171458,171547,89
104,0,blank,0,577.80495,691.192033333333,171575,171769,194
104,0,blank,0,548.9581,694.30545,171769,171838,69
104,0,blank,0,-323,-105,172139,172298,159
104,31,"Thetwoelementswhosesumisminimumare%dand%d",179,588.236333333333,663.540216666667,172456,172649,193
104,31,"Thetwoelementswhosesumisminimumare%dand%d",179,578.352683333333,673.270283333333,172649,172840,191
104,31,"Thetwoelementswhosesumisminimumare%dand%d",179,555.20775,675.064016666667,172840,173030,190
104,0,blank,0,554.122283333333,687.742166666667,173030,173217,187
104,31,"Thetwoelementswhosesumisminimumare%dand%d",179,573.988766666667,666.40485,173217,173406,189
104,31,"Thetwoelementswhosesumisminimumare%dand%d",179,624.8861,676.837916666667,173406,173597,191
104,31,min_l,183,693.086166666667,673.0671,173597,173791,194
104,31,min_l,183,713.368666666667,682.677083333333,173791,173984,193
104,0,blank,0,724.576833333333,692.642483333333,173984,174175,191
104,0,blank,0,748.738166666667,686.531033333333,174175,174367,192
104,0,blank,0,826.9785,689.8578,174367,174561,194
104,31,min_r,188,813.7395,680.819066666667,174561,174754,193
104,31,[,187,807.9725,677.7304,174754,174818,64
104,22,arr,144,214.98024,475.80132,174882,175049,167
104,0,blank,0,192.496116666667,485.62985,175049,175242,193
104,0,blank,0,170.070683333333,521.964533333333,175242,175435,193
104,25,sum,164,204.6643,544.19415,175435,175624,189
104,0,blank,0,222.054166666667,546.2757,175624,175720,96
104,0,blank,0,166.801316666667,428.2864,175752,175944,192
104,0,blank,0,138.792333333333,414.0925,175944,176136,192
104,18,;,117,118.426266666667,383.59755,176136,176327,191
104,0,blank,0,-323,-105,176391,176492,101
104,17,=,95,104.3323,370.2852,176539,176600,61
104,17,=,95,112.7105,374.076416666667,176665,176846,181
104,17,=,95,106.659716666667,365.1962,176846,177034,188
104,0,blank,0,159.813416666667,399.892816666667,177034,177221,187
104,0,blank,0,168.121533333333,392.485916666667,177221,177404,183
104,18,arr_size,114,175.7568,384.211366666667,177404,177589,185
104,0,blank,0,168.454083333333,389.533433333333,177589,177777,188
104,0,blank,0,174.213566666667,414.714883333333,177777,177967,190
104,0,blank,0,171.3694,439.13415,177967,178093,126
104,0,blank,0,-323,-105,178125,178257,132
104,0,blank,0,102.28365,435.456033333333,178359,178539,180
104,0,blank,0,113.1488,444.4307,178539,178729,190
104,22,sum,137,93.9212833333333,466.306183333333,178729,178917,188
104,22,sum,137,79.2339833333333,477.717766666667,178917,179105,188
104,22,=,138,113.270266666667,480.913333333333,179105,179294,189
104,23,if,149,71.72105,487.669466666667,179294,179483,189
104,23,min_sum,153,149.9261,487.952533333333,179483,179674,191
104,22,arr,144,229.89035,485.848433333333,179674,179865,191
104,22,arr,144,229.9956,485.9869,179865,179897,32
104,23,if,149,81.9602333333333,505.908383333333,179929,180120,191
104,23,if,149,75.0319333333333,489.44285,180120,180314,194
104,0,blank,0,62.377,494.1884,180314,180347,33
104,0,blank,0,-323,-105,180413,180600,187
104,0,blank,0,-323,-105,180600,180652,52
104,23,min_sum,153,137.876216666667,498.749183333333,180791,180973,182
104,23,abs,156,123.775166666667,507.445016666667,180973,181167,194
104,23,abs,156,109.3453,504.99494,181167,181326,159
104,0,blank,0,-323,-105,181358,181540,182
104,0,blank,0,77.9297,514.4935,181567,181623,56
104,23,(,157,86.5434833333333,500.828,181710,181889,179
104,23,(,157,90.6426166666667,501.96635,181889,182077,188
104,23,abs,156,108.43395,504.119733333333,182077,182266,189
104,23,(,157,129.691275,492.9899,182266,182392,126
104,0,blank,0,-323,-105,182455,182612,157
104,23,if,149,75.2377166666667,502.857866666667,182697,182876,179
104,0,blank,0,103.44515,508.519883333333,182876,183065,189
104,23,(,157,85.0321333333333,507.47545,183065,183253,188
104,0,blank,0,81.21038,509.14312,183253,183409,156
104,23,if,149,78.7108,505.4278,183409,183517,108
104,22,arr,144,144.1406,473.1552,183517,183626,109
104,0,blank,0,136.29505,510.3632,183626,183819,193
104,22,sum,137,81.5280333333333,471.090883333333,183819,184013,194
104,0,blank,0,81.3455166666667,449.2205,184013,184205,192
104,0,blank,0,56.5705166666667,480.633766666667,184205,184394,189
104,23,abs,156,116.151433333333,499.90485,184394,184584,190
104,23,min_sum,153,134.7706,501.807366666667,184584,184774,190
104,23,min_sum,153,158.148666666667,496.9915,184774,184964,190
104,23,min_sum,153,174.966916666667,506.1785,184964,185156,192
104,23,min_sum,153,171.71545,499.4635,185156,185350,194
104,23,min_sum,153,201.518066666667,504.498266666667,185350,185446,96
104,0,blank,0,-323,-105,185510,185693,183
104,0,blank,0,198.49845,509.252533333333,185720,185897,177
104,0,blank,0,219.3048,509.159716666667,185897,186089,192
104,23,>,155,227.561483333333,507.610283333333,186089,186281,192
104,0,blank,0,223.502483333333,518.986033333333,186281,186471,190
104,0,blank,0,219.4826,510.837166666667,186471,186662,191
104,0,blank,0,240.87885,503.645866666667,186662,186854,192
104,0,blank,0,223.638766666667,506.651183333333,186854,187046,192
104,0,blank,0,214.12065,511.239183333333,187046,187238,192
104,23,abs,156,248.90898,504.01378,187238,187400,162
104,0,blank,0,242.436466666667,501.0277,187400,187503,103
104,25,min_sum,162,92.1965,539.335183333333,187535,187730,195
104,25,min_sum,162,85.2973333333333,542.37025,187730,187927,197
104,25,min_sum,162,129.24315,536.91275,187927,188124,197
104,25,=,163,166.254683333333,550.635566666667,188124,188318,194
104,25,=,163,171.38695,549.753766666667,188318,188511,193
104,25,sum,164,188.2963,538.239625,188511,188639,128
104,0,blank,0,-323,-105,188672,188834,162
104,25,sum,164,184.958666666667,537.687466666667,188970,189159,189
104,25,sum,164,185.16815,537.222133333333,189159,189355,196
104,0,blank,0,174.2828,532.88056,189355,189526,171
104,26,min_l,166,113.602883333333,554.531316666667,189526,189724,198
104,26,min_l,166,83.56565,564.8318,189724,189920,196
104,26,min_l,166,100.713166666667,562.6629,189920,190117,197
104,26,min_l,166,92.50768,569.60196,190117,190287,170
104,26,=,167,148.7036,569.34674,190287,190454,167
104,26,min_l,166,117.699133333333,567.90205,190454,190646,192
104,0,blank,0,83.5098333333333,578.939416666667,190646,190841,195
104,27,min_r,170,93.0236666666667,587.09575,190841,191038,197
104,0,blank,0,89.7078,575.45325,191038,191235,197
104,0,blank,0,75.7232333333333,576.898483333333,191235,191426,191
104,0,blank,0,103.485166666667,578.84735,191426,191615,189
104,27,min_r,170,98.5510833333334,580.486,191615,191807,192
104,27,min_r,170,115.771366666667,581.006566666667,191807,191999,192
104,0,blank,0,134.50005,592.5733,191999,192063,64
104,0,blank,0,-323,-105,192095,192231,136
104,0,blank,0,140.913316666667,574.0386,192398,192584,186
104,0,blank,0,138.038866666667,573.107566666667,192584,192780,196
104,27,min_r,170,122.689983333333,586.786616666667,192780,192972,192
104,27,min_r,170,119.434766666667,581.280983333333,192972,193165,193
104,0,blank,0,138.082566666667,578.17515,193165,193357,192
104,0,blank,0,130.95125,579.662033333333,193357,193551,194
104,0,blank,0,106.349333333333,574.283733333333,193551,193744,193
104,0,blank,0,100.193166666667,535.780066666667,193744,193943,199
104,25,min_sum,162,108.02185,547.322283333333,193943,194139,196
104,0,blank,0,118.9944,607.8904,194139,194204,65
104,0,blank,0,-323,-105,194236,194371,135
104,0,blank,0,10.8028,-103.6246,194397,194423,26
104,27,min_r,170,123.0733,593.871933333333,194498,194677,179
104,0,blank,0,141.740033333333,588.003833333333,194677,194871,194
104,0,blank,0,106.135666666667,579.4103,194871,195065,194
104,27,min_r,170,107.76295,589.20575,195065,195257,192
104,0,blank,0,128.754116666667,596.59855,195257,195452,195
104,0,blank,0,126.47205,597.15765,195452,195516,64
104,0,blank,0,-323,-105,195579,195713,134
104,0,blank,0,77.7772333333333,610.374866666667,195805,195983,178
104,0,blank,0,80.8202333333333,620.916416666667,195983,196175,192
104,28,},174,72.9902333333333,608.839883333333,196175,196365,190
104,0,blank,0,87.8033333333333,608.45705,196365,196555,190
104,0,blank,0,89.5644333333333,608.216983333333,196555,196741,186
104,0,blank,0,117.987616666667,603.091583333333,196741,196931,190
104,27,min_r,170,89.8128333333333,586.80015,196931,197120,189
104,27,min_r,170,100.5309,590.520566666667,197120,197311,191
104,0,blank,0,120.9542,647.1861,197311,197379,68
104,0,blank,0,-323,-105,197411,197546,135
104,26,min_l,166,91.4889333333334,566.935766666667,197722,197903,181
104,27,min_r,170,105.375716666667,587.112016666667,197903,198096,193
104,27,min_r,170,108.424033333333,588.727633333333,198096,198284,188
104,27,min_r,170,108.00005,587.986316666667,198284,198475,191
104,27,min_r,170,114.57615,590.46935,198475,198539,64
104,0,blank,0,-323,-105,198603,198757,154
104,0,blank,0,79.5812666666667,577.89075,199036,199224,188
104,27,min_r,170,90.1856166666667,590.988316666667,199224,199418,194
104,27,min_r,170,97.6722,594.704383333333,199418,199608,190
104,0,blank,0,122.29925,605.489025,199608,199732,124
104,23,abs,156,93.1596,488.736233333333,199764,199954,190
104,22,sum,137,93.7387833333333,467.26855,199954,200145,191
104,0,blank,0,92.5679,454.408716666667,200145,200338,193
104,0,blank,0,105.4513,451.465616666667,200338,200528,190
104,0,blank,0,121.65365,477.7274,200528,200717,189
104,0,blank,0,127.4737,463.4343,200717,200781,64
104,0,blank,0,-323,-105,200845,201029,184
104,0,blank,0,102.355233333333,464.172633333333,201236,201423,187
104,0,blank,0,110.194633333333,447.51135,201423,201614,191
104,22,[,145,157.63405,469.275016666667,201614,201802,188
104,0,blank,0,192.40405,481.932216666667,201802,201989,187
104,22,arr,144,220.456883333333,476.240033333333,201989,202176,187
104,0,blank,0,208.433425,479.925525,202176,202302,126
104,0,blank,0,87.5832166666667,457.988083333333,202332,202524,192
104,0,blank,0,96.6908666666667,449.353216666667,202524,202716,192
104,0,blank,0,94.16175,451.164766666667,202716,202906,190
104,0,blank,0,106.480333333333,457.1284,202906,203096,190
104,0,blank,0,112.6939,442.774983333333,203096,203285,189
104,0,blank,0,108.487516666667,442.9331,203285,203474,189
104,0,blank,0,112.1601,445.593516666667,203474,203666,192
104,0,blank,0,105.9877,444.61596,203666,203844,178
104,0,blank,0,107.28785,443.92915,203844,204030,186
104,0,blank,0,120.7029,439.1254,204030,204208,178
104,0,blank,0,117.862533333333,441.998533333333,204208,204310,102
104,0,blank,0,908.539333333333,376.84725,204406,204598,192
104,0,blank,0,894.95525,388.153175,204598,204729,131
104,0,blank,0,137.127266666667,530.099183333333,204792,204988,196
104,23,min_sum,153,136.586983333333,507.62405,204988,205183,195
104,23,abs,156,115.624583333333,489.836016666667,205183,205378,195
104,0,blank,0,118.066433333333,466.272983333333,205378,205574,196
104,0,blank,0,118.878683333333,442.400316666667,205574,205763,189
104,0,blank,0,147.904233333333,453.086866666667,205763,205951,188
104,0,blank,0,118.7309,480.64455,205951,206140,189
104,23,abs,156,110.5533,495.884733333333,206140,206326,186
104,0,blank,0,104.895633333333,446.7941,206326,206513,187
104,20,r,133,88.6462166666666,430.790066666667,206513,206705,192
104,20,(,123,77.6221,430.47805,206705,206895,190
104,20,=,125,108.141083333333,437.534816666667,206895,207081,186
104,0,blank,0,114.428533333333,448.605783333333,207081,207268,187
104,0,blank,0,117.2665,448.3906,207268,207423,155
104,0,blank,0,-323,-105,207454,207617,163
104,22,sum,137,74.5601,477.6844,207644,207669,25
104,0,blank,0,95.0899333333333,415.458816666667,207724,207894,170
104,0,blank,0,97.1118,408.6132,207894,208078,184
104,0,blank,0,132.4748,403.2337,208078,208264,186
104,0,blank,0,137.627966666667,411.101466666667,208264,208449,185
104,0,blank,0,144.86165,408.7766,208449,208638,189
104,0,blank,0,207.16025,410.630066666667,208638,208825,187
104,0,blank,0,199.927316666667,402.1144,208825,209017,192
104,18,0,110,103.50045,397.382933333333,209017,209206,189
104,0,blank,0,-323,-105,209238,209411,173
104,18,=,109,85.3893,392.9179,209437,209611,174
104,18,=,109,84.7567833333333,386.821016666667,209611,209803,192
104,0,blank,0,108.79824,417.78644,209803,209973,170
104,20,l,126,125.848866666667,434.707,209973,210164,191
104,0,blank,0,87.75575,403.570216666667,210164,210361,197
104,0,blank,0,114.30655,429.160683333333,210361,210556,195
104,22,arr,144,126.174516666667,469.701483333333,210556,210753,197
104,0,blank,0,123.939,510.6272,210753,210948,195
104,0,blank,0,74.1126,599.690466666667,210948,211138,190
104,31,(,178,88.2312,676.280433333333,211138,211332,194
104,0,blank,0,113.03095,684.5542,211332,211395,63
104,0,blank,0,250.12614,713.5682,211428,211590,162
104,0,blank,0,533.84222,709.51736,211655,211826,171
104,0,blank,0,524.5475,720.8763,211826,211858,32
104,0,blank,0,654.9074,709.53618,211895,212065,170
104,0,blank,0,653.6523,730.2569,212065,212099,34
104,0,blank,0,-322.4603,-104.0975,212164,212283,119
104,0,blank,0,731.235,712.806066666667,212406,212605,199
104,0,blank,0,734.309666666667,662.465566666667,212605,212703,98
104,31,"Thetwoelementswhosesumisminimumare%dand%d",179,134.853583333333,679.379966666667,212735,212930,195
104,31,"Thetwoelementswhosesumisminimumare%dand%d",179,243.76266,669.76158,212930,213089,159
104,31,arr,186,780.953,673.322833333333,213154,213251,97
104,0,blank,0,1043.6312,246.40992,213314,213477,163
104,0,blank,0,1030.1516,133.60498,213510,213682,172
104,0,blank,0,1049.0476,145.04476,213682,213849,167
104,0,blank,0,1011.1575,628.03635,213881,214076,195
104,0,blank,0,1014.573,669.5525,214076,214139,63
105,36,minAbsSumPair,217,106.929,600.6714,214505,214670,165
105,0,blank,0,160.3453,621.933,214670,214839,169
105,0,blank,0,177.88055,627.197366666667,214839,215030,191
105,37,;,227,121.51595,627.838466666667,215030,215222,192
105,37,),226,108.73745,629.9032,215222,215286,64
105,36,6,221,219.796266666667,618.3505,215318,215513,195
105,0,blank,0,204.90746,625.4578,215513,215688,175
105,0,blank,0,206.1758,632.1132,215688,215722,34
105,0,blank,0,-323,-105,215917,216112,195
105,0,blank,0,-323,-105,216112,216309,197
105,0,blank,0,-323,-105,216309,216506,197
105,0,blank,0,466.0383,592.650075,216610,216727,117
